user_id,first_name,last_name,username,password
1,Tom,Hunks,t_hunky,TommyHunks44
2,Pedro,Ortiz,bigpapi,SwishFish9
3,Rodney,Harrison,rodman1,Wetblanket77
4,Jess,Parker,jparks,BigLots001
5,Jimmy,McGill,jjmcguill,Lawyerup
6,Saul,Goodman,saulgoodman,FreedomFree
7,Kim,Wexler,kwexler,iheartlaw
8,Kobe,Bryant,mamba24,purpleGold
9,Tom,Brady,goat12,7rings
10,John,Daily,jdaily1,gripAndRip
11,Nancy,McCormick,nancymcc,tidepods123
12,Jane,Doe,user.name,password
13,Lisa,Tatum,lisa.tatum,Bluepillow7
14,Grady,Kelley,g_kelly0,FluffyHat?
15,Tommy,Salami,tom_sal,italianMeat
16,Dewey,Tucker,dTuck99,SeriousLamp05
17,Mac,Jones,jmac10,alabama10
18,Abby,Jones,abby666,fastcars1?
19,Michael,Scarn,mikescarn,bluesclues789
20,Joshua,Dobbs,j.dobbs100,calvinanddobbs
21,Dak,Prescott,dakattack,cowboys4
22,Tiger,Woods,twoods21,Golfguy21
23,Phil,Mickelson,philmick,bigLefty!
24,Paige,Spirinac,paige_spir,fastgreens88
25,Sam,Ford,sford11,couchpotatoe
26,Betty,Crocker,betty.crock,goodEats3
27,Gabby,White,white_gabby,gabgab!1
28,Tracy,Abrams,tracy.ab,trappedSalmon
29,Tim,Lamb,tim.lamb1,monsterlamb321
30,Shaq,Oâ€™neal,s_oneal,BigDiesel